0,0,0,,0,0
600,0,0,,0,0
1200,0,0,,0,0
1800,0,0,,0,0
2400,0,0,,0,0
3000,0,0,,0,0
3600,0,0,,0,0
4200,0,0,,0,0
4800,0,0,,0,0
5400,0,0,,0,0
6000,0,0,,0,0
6600,0,0,,0,0
7200,0,0,,0,0
7800,0,0,,0,0
8400,0,0,,0,0
9000,0,0,,0,0
9600,0,0,,0,0
10200,0,0,,0,0
10800,0,0,,0,0
11400,0,0,,0,0
12000,0,0,,0,0
12600,0,0,,0,0
13200,0,0,,0,0
13800,0,0,,0,0
14400,0,0,,0,0
15000,0,0,,0,0
15600,0,0,,0,0
16200,0,0,,0,0
16800,0,0,,0,0
17400,0,0,,0,0
18000,0,0,,0,0
18600,0,0,,0,0
19200,0,0,,0,0
19800,0,0,,0,0
20400,0,0,,0,0
21000,0,0,,0,0
21600,0,0,,0,0
22200,0,0,,0,0
22800,0,0,,0,0
23400,0,0,,0,0
24000,0,0,,0,0
24600,0,0,,0,0
25200,0,0,,0,0
25800,0,0,,0,0
26400,0,0,,0,0
27000,0,0,,0,0
27600,0,0,,0,0
28200,0,0,,0,0
28800,0,0,,0,0
29400,0,0,,0,0
30000,0,0,,0,0
30600,0,0,,0,0
31200,0,0,,0,0
31800,0,0,,0,0
32400,0,0,,0,0
33000,0,0,,0,0
33600,0,0,,0,0
34200,0,0,,0,0
34800,0,0,,0,0
35400,0,0,,0,0
36000,0,0,,0,0
36600,0,0,,0,0
37200,0,0,,0,0
37800,0,0,,0,0
38400,0,0,,0,0
39000,0,0,,0,0
39600,0,0,,0,0
40200,0,0,,0,0
40800,0,0,,0,0
41400,0,0,,0,0
42000,0,0,,0,0
42600,0,0,,0,0
43200,0,0,,0,0
43800,0,0,,0,0
44400,0,0,,0,0
45000,0,0,,0,0
45600,0,0,,0,0
46200,0,0,,0,0
46800,0,0,,0,0
47400,0,0,,0,0
48000,0,0,,0,0
48600,0,0,,0,0
49200,0,0,,0,0
49800,0,0,,0,0
50400,0,0,,0,0
51000,0,0,,0,0
51600,0,0,,0,0
52200,0,0,,0,0
52800,0,0,,0,0
53400,0,0,,0,0
54000,0,0,,0,0
54600,0,0,,0,0
55200,0,0,,0,0
55800,0,0,,0,0
56400,0,0,,0,0
57000,0,0,,0,0
57600,0,0,,0,0
58200,0,0,,0,0
58800,0,0,,0,0
59400,0,0,,0,0
60000,0,0,,0,0
60600,0,0,,0,0
61200,0,0,,0,0
61800,0,0,,0,0
62400,0,0,,0,0
63000,0,0,,0,0
63600,0,0,,0,0
64200,0,0,,0,0
64800,0,0,,0,0
65400,0,0,,0,0
66000,0,0,,0,0
66600,0,0,,0,0
67200,0,0,,0,0
67800,0,0,,0,0
68400,0,0,,0,0
69000,0,0,,0,0
69600,0,0,,0,0
70200,0,0,,0,0
70800,0,0,,0,0
71400,0,0,,0,0
72000,0,0,,0,0
72600,0,0,,0,0
73200,0,0,,0,0
73800,0,0,,0,0
74400,0,0,,0,0
75000,0,0,,0,0
75600,0,0,,0,0
76200,0,0,,0,0
76800,0,0,,0,0
77400,0,0,,0,0
78000,0,0,,0,0
78600,0,0,,0,0
79200,0,0,,0,0
79800,0,0,,0,0
80400,0,0,,0,0
81000,0,0,,0,0
81600,0,0,,0,0
82200,0,0,,0,0
82800,0,0,,0,0
83400,0,0,,0,0
84000,0,0,,0,0
84600,0,0,,0,0
85200,0,0,,0,0
85800,0,0,,0,0
86400,0,0,,0,0
87000,0,0,,0,0
87600,0,0,,0,0
88200,0,0,,0,0
88800,0,0,,0,0
89400,0,0,,0,0
90000,0,0,,0,0
90600,0,0,,0,0
91200,0,0,,0,0
91800,0,0,,0,0
92400,0,0,,0,0
93000,0,0,,0,0
93600,0,0,,0,0
94200,0,0,,0,0
94800,0,0,,0,0
95400,0,0,,0,0
96000,0,0,,0,0
96600,0,0,,0,0
97200,0,0,,0,0
97800,0,0,,0,0
98400,0,0,,0,0
99000,0,0,,0,0
99600,0,0,,0,0
100200,0,0,,0,0
100800,0,0,,0,0
101400,0,0,,0,0
102000,0,0,,0,0
102600,0,0,,0,0
103200,0,0,,0,0
103800,0,0,,0,0
104400,0,0,,0,0
105000,0,0,,0,0
105600,0,0,,0,0
106200,0,0,,0,0
106800,0,0,,0,0
107400,0,0,,0,0
108000,0,0,,0,0
108600,0,0,,0,0
109200,0,0,,0,0
109800,0,0,,0,0
110400,0,0,,0,0
111000,0,0,,0,0
111600,0,0,,0,0
112200,0,0,,0,0
112800,0,0,,0,0
113400,0,0,,0,0
114000,0,0,,0,0
114600,0,0,,0,0
115200,0,0,,0,0
115800,0,0,,0,0
116400,0,0,,0,0
117000,0,0,,0,0
117600,0,0,,0,0
118200,0,0,,0,0
118800,0,0,,0,0
119400,0,0,,0,0
120000,0,0,,0,0
120600,0,0,,0,0
121200,0,0,,0,0
121800,0,0,,0,0
122400,0,0,,0,0
123000,0,0,,0,0
123600,0,0,,0,0
124200,0,0,,0,0
124800,0,0,,0,0
125400,0,0,,0,0
126000,0,0,,0,0
126600,0,0,,0,0
127200,0,0,,0,0
127800,0,0,,0,0
128400,0,0,,0,0
129000,0,0,,0,0
129600,0,0,,0,0
130200,0,0,,0,0
130800,0,0,,0,0
131400,0,0,,0,0
132000,0,0,,0,0
132600,0,0,,0,0
133200,0,0,,0,0
133800,0,0,,0,0
134400,0,0,,0,0
135000,0,0,,0,0
135600,0,0,,0,0
136200,0,0,,0,0
136800,0,0,,0,0
137400,0,0,,0,0
138000,0,0,,0,0
138600,0,0,,0,0
139200,0,0,,0,0
139800,0,0,,0,0
140400,0,0,,0,0
141000,0,0,,0,0
141600,0,0,,0,0
142200,0,0,,0,0
142800,0,0,,0,0
143400,0,0,,0,0
144000,0,0,,0,0
144600,0,0,,0,0
145200,0,0,,0,0
145800,0,0,,0,0
146400,0,0,,0,0
147000,0,0,,0,0
147600,0,0,,0,0
148200,0,0,,0,0
148800,0,0,,0,0
149400,0,0,,0,0
150000,0,0,,0,0
150600,0,0,,0,0
151200,0,0,,0,0
151800,0,0,,0,0
152400,0,0,,0,0
153000,0,0,,0,0
153600,0,0,,0,0
154200,0,0,,0,0
154800,0,0,,0,0
155400,0,0,,0,0
156000,0,0,,0,0
156600,0,0,,0,0
157200,0,0,,0,0
157800,0,0,,0,0
158400,0,0,,0,0
159000,0,0,,0,0
159600,0,0,,0,0
160200,0,0,,0,0
160800,0,0,,0,0
161400,0,0,,0,0
162000,0,0,,0,0
162600,0,0,,0,0
163200,0,0,,0,0
163800,0,0,,0,0
164400,0,0,,0,0
165000,0,0,,0,0
165600,0,0,,0,0
166200,0,0,,0,0
166800,0,0,,0,0
167400,0,0,,0,0
168000,0,0,,0,0
168600,0,0,,0,0
169200,0,0,,0,0
169800,0,0,,0,0
170400,0,0,,0,0
171000,0,0,,0,0
171600,0,0,,0,0
172200,0,0,,0,0
172800,0,0,,0,0
173400,0,0,,0,0
174000,0,0,,0,0
174600,0,0,,0,0
175200,0,0,,0,0
175800,0,0,,0,0
176400,0,0,,0,0
177000,0,0,,0,0
177600,0,0,,0,0
178200,0,0,,0,0
178800,0,0,,0,0
179400,0,0,,0,0
180000,0,0,,0,0
180600,0,0,,0,0
181200,0,0,,0,0
181800,0,0,,0,0
182400,0,0,,0,0
183000,0,0,,0,0
183600,0,0,,0,0
184200,0,0,,0,0
184800,0,0,,0,0
185400,0,0,,0,0
186000,0,0,,0,0
186600,0,0,,0,0
187200,0,0,,0,0
187800,0,0,,0,0
188400,0,0,,0,0
189000,0,0,,0,0
189600,0,0,,0,0
190200,0,0,,0,0
190800,0,0,,0,0
191400,0,0,,0,0
192000,0,0,,0,0
192600,0,0,,0,0
193200,0,0,,0,0
193800,0,0,,0,0
194400,0,0,,0,0
195000,0,0,,0,0
195600,0,0,,0,0
196200,0,0,,0,0
196800,0,0,,0,0
197400,0,0,,0,0
198000,0,0,,0,0
198600,0,0,,0,0
199200,0,0,,0,0
199800,0,0,,0,0
200400,0,0,,0,0
201000,0,0,,0,0
201600,0,0,,0,0
202200,0,0,,0,0
202800,0,0,,0,0
203400,0,0,,0,0
204000,0,0,,0,0
204600,0,0,,0,0
205200,0,0,,0,0
205800,0,0,,0,0
206400,0,0,,0,0
207000,0,0,,0,0
207600,0,0,,0,0
208200,0,0,,0,0
208800,0,0,,0,0
209400,0,0,,0,0
210000,0,0,,0,0
210600,0,0,,0,0
211200,0,0,,0,0
211800,0,0,,0,0
212400,0,0,,0,0
213000,0,0,,0,0
213600,0,0,,0,0
214200,0,0,,0,0
214800,0,0,,0,0
215400,0,0,,0,0
216000,0,0,,0,0
216600,0,0,,0,0
217200,0,0,,0,0
217800,0,0,,0,0
218400,0,0,,0,0
219000,0,0,,0,0
219600,0,0,,0,0
220200,0,0,,0,0
220800,0,0,,0,0
221400,0,0,,0,0
222000,0,0,,0,0
222600,0,0,,0,0
223200,0,0,,0,0
223800,0,0,,0,0
224400,0,0,,0,0
225000,0,0,,0,0
225600,0,0,,0,0
226200,0,0,,0,0
226800,0,0,,0,0
227400,0,0,,0,0
228000,0,0,,0,0
228600,0,0,,0,0
229200,0,0,,0,0
229800,0,0,,0,0
230400,0,0,,0,0
231000,0,0,,0,0
231600,0,0,,0,0
232200,0,0,,0,0
232800,0,0,,0,0
233400,0,0,,0,0
234000,0,0,,0,0
234600,0,0,,0,0
235200,0,0,,0,0
235800,0,0,,0,0
236400,0,0,,0,0
237000,0,0,,0,0
237600,0,0,,0,0
238200,0,0,,0,0
238800,0,0,,0,0
239400,0,0,,0,0
240000,0,0,,0,0
240600,0,0,,0,0
241200,0,0,,0,0
241800,0,0,,0,0
242400,0,0,,0,0
243000,0,0,,0,0
243600,0,0,,0,0
244200,0,0,,0,0
244800,0,0,,0,0
245400,0,0,,0,0
246000,0,0,,0,0
246600,0,0,,0,0
247200,0,0,,0,0
247800,0,0,,0,0
248400,0,0,,0,0
249000,0,0,,0,0
249600,0,0,,0,0
250200,0,0,,0,0
250800,0,0,,0,0
251400,0,0,,0,0
252000,0,0,,0,0
252600,0,0,,0,0
253200,0,0,,0,0
253800,0,0,,0,0
254400,0,0,,0,0
255000,0,0,,0,0
255600,0,0,,0,0
256200,0,0,,0,0
256800,0,0,,0,0
257400,0,0,,0,0
258000,0,0,,0,0
258600,0,0,,0,0
259200,0,0,,0,0
259800,0,0,,0,0
260400,0,0,,0,0
261000,0,0,,0,0
261600,0,0,,0,0
262200,0,0,,0,0
262800,0,0,,0,0
263400,0,0,,0,0
264000,0,0,,0,0
264600,0,0,,0,0
265200,0,0,,0,0
265800,0,0,,0,0
266400,0,0,,0,0
267000,0,0,,0,0
267600,0,0,,0,0
268200,0,0,,0,0
268800,0,0,,0,0
269400,0,0,,0,0
270000,0,0,,0,0
270600,0,0,,0,0
271200,0,0,,0,0
271800,0,0,,0,0
272400,0,0,,0,0
273000,0,0,,0,0
273600,0,0,,0,0
274200,0,0,,0,0
274800,0,0,,0,0
275400,0,0,,0,0
276000,0,0,,0,0
276600,0,0,,0,0
277200,0,0,,0,0
277800,0,0,,0,0
278400,0,0,,0,0
279000,0,0,,0,0
279600,0,0,,0,0
280200,0,0,,0,0
280800,0,0,,0,0
281400,0,0,,0,0
282000,0,0,,0,0
282600,0,0,,0,0
283200,0,0,,0,0
283800,0,0,,0,0
284400,0,0,,0,0
285000,0,0,,0,0
285600,0,0,,0,0
286200,0,0,,0,0
286800,0,0,,0,0
287400,0,0,,0,0
288000,0,0,,0,0
288600,0,0,,0,0
289200,0,0,,0,0
289800,0,0,,0,0
290400,0,0,,0,0
291000,0,0,,0,0
291600,0,0,,0,0
292200,0,0,,0,0
292800,0,0,,0,0
293400,0,0,,0,0
294000,0,0,,0,0
294600,0,0,,0,0
295200,0,0,,0,0
295800,0,0,,0,0
296400,0,0,,0,0
297000,0,0,,0,0
297600,0,0,,0,0
298200,0,0,,0,0
298800,0,0,,0,0
299400,0,0,,0,0
300000,0,0,,0,0
300600,0,0,,0,0
301200,0,0,,0,0
301800,0,0,,0,0
302400,0,0,,0,0
303000,0,0,,0,0
303600,0,0,,0,0
304200,0,0,,0,0
304800,0,0,,0,0
305400,0,0,,0,0
306000,0,0,,0,0
306600,0,0,,0,0
307200,0,0,,0,0
307800,0,0,,0,0
308400,0,0,,0,0
309000,0,0,,0,0
309600,0,0,,0,0
310200,0,0,,0,0
310800,0,0,,0,0
311400,0,0,,0,0
312000,0,0,,0,0
312600,0,0,,0,0
313200,0,0,,0,0
313800,0,0,,0,0
314400,0,0,,0,0
315000,0,0,,0,0
315600,0,0,,0,0
316200,0,0,,0,0
316800,0,0,,0,0
317400,0,0,,0,0
318000,0,0,,0,0
318600,0,0,,0,0
319200,0,0,,0,0
319800,0,0,,0,0
320400,0,0,,0,0
321000,0,0,,0,0
321600,0,0,,0,0
322200,0,0,,0,0
322800,0,0,,0,0
323400,0,0,,0,0
324000,0,0,,0,0
324600,0,0,,0,0
325200,8.731666666666667,32.026868052706256,Weibull,0.24082345568778118,0.0034911353382354048
325800,57.99333333333333,2.780483721239826,Weibull,0.43322943175886053,0.004927166123365804
326400,0,0,,0,0
327000,0,0,,0,0
327600,0,0,,0,0
328200,0,0,,0,0
328800,0,0,,0,0
329400,0,0,,0,0
330000,0,0,,0,0
330600,0,0,,0,0
331200,0,0,,0,0
331800,0,0,,0,0
332400,0,0,,0,0
333000,0,0,,0,0
333600,0,0,,0,0
334200,0,0,,0,0
334800,0,0,,0,0
335400,0,0,,0,0
336000,0,0,,0,0
336600,0,0,,0,0
337200,0,0,,0,0
337800,0,0,,0,0
338400,0,0,,0,0
339000,0,0,,0,0
339600,0,0,,0,0
340200,0,0,,0,0
340800,0,0,,0,0
341400,0,0,,0,0
342000,0,0,,0,0
342600,0,0,,0,0
343200,0,0,,0,0
343800,0,0,,0,0
344400,0,0,,0,0
345000,0,0,,0,0
345600,0,0,,0,0
346200,0,0,,0,0
346800,0,0,,0,0
347400,0,0,,0,0
348000,0,0,,0,0
348600,0,0,,0,0
349200,0,0,,0,0
349800,0,0,,0,0
350400,0,0,,0,0
351000,0,0,,0,0
351600,0,0,,0,0
352200,0,0,,0,0
352800,0,0,,0,0
353400,0,0,,0,0
354000,0,0,,0,0
354600,0,0,,0,0
355200,0,0,,0,0
355800,0,0,,0,0
356400,0,0,,0,0
357000,0,0,,0,0
357600,0,0,,0,0
358200,0,0,,0,0
358800,0,0,,0,0
359400,0,0,,0,0
360000,0,0,,0,0
360600,0,0,,0,0
361200,0,0,,0,0
361800,0,0,,0,0
362400,0,0,,0,0
363000,0,0,,0,0
363600,0,0,,0,0
364200,0,0,,0,0
364800,0,0,,0,0
365400,0,0,,0,0
366000,0,0,,0,0
366600,0,0,,0,0
367200,0,0,,0,0
367800,0,0,,0,0
368400,0,0,,0,0
369000,0,0,,0,0
369600,0,0,,0,0
370200,0,0,,0,0
370800,0,0,,0,0
371400,0,0,,0,0
372000,0,0,,0,0
372600,0,0,,0,0
373200,0,0,,0,0
373800,0,0,,0,0
374400,0,0,,0,0
375000,0,0,,0,0
375600,0,0,,0,0
376200,0,0,,0,0
376800,0,0,,0,0
377400,0,0,,0,0
378000,0,0,,0,0
378600,0,0,,0,0
379200,0,0,,0,0
379800,0,0,,0,0
380400,0,0,,0,0
381000,0,0,,0,0
381600,0,0,,0,0
382200,0,0,,0,0
382800,0,0,,0,0
383400,0,0,,0,0
384000,0,0,,0,0
384600,0,0,,0,0
385200,0,0,,0,0
385800,0,0,,0,0
386400,0,0,,0,0
387000,0,0,,0,0
387600,0,0,,0,0
388200,0,0,,0,0
388800,0,0,,0,0
389400,0,0,,0,0
390000,0,0,,0,0
390600,0,0,,0,0
391200,0,0,,0,0
391800,0,0,,0,0
392400,0,0,,0,0
393000,0,0,,0,0
393600,0,0,,0,0
394200,0,0,,0,0
394800,0,0,,0,0
395400,0,0,,0,0
396000,0,0,,0,0
396600,0,0,,0,0
397200,0,0,,0,0
397800,0,0,,0,0
398400,0,0,,0,0
399000,0,0,,0,0
399600,0,0,,0,0
400200,0,0,,0,0
400800,0,0,,0,0
401400,0,0,,0,0
402000,0,0,,0,0
402600,0,0,,0,0
403200,0,0,,0,0
403800,0,0,,0,0
404400,0,0,,0,0
405000,0,0,,0,0
405600,0,0,,0,0
406200,0,0,,0,0
406800,0,0,,0,0
407400,0,0,,0,0
408000,0,0,,0,0
408600,0,0,,0,0
409200,0,0,,0,0
409800,0,0,,0,0
410400,0,0,,0,0
411000,0,0,,0,0
411600,0,0,,0,0
412200,0,0,,0,0
412800,0,0,,0,0
413400,0,0,,0,0
414000,0,0,,0,0
414600,0,0,,0,0
415200,0,0,,0,0
415800,0,0,,0,0
416400,0,0,,0,0
417000,0,0,,0,0
417600,0,0,,0,0
418200,0,0,,0,0
418800,0,0,,0,0
419400,0,0,,0,0
420000,0,0,,0,0
420600,0,0,,0,0
421200,0,0,,0,0
421800,0,0,,0,0
422400,0,0,,0,0
423000,0,0,,0,0
423600,0,0,,0,0
424200,0,0,,0,0
424800,0,0,,0,0
425400,0,0,,0,0
426000,0,0,,0,0
426600,0,0,,0,0
427200,0,0,,0,0
427800,0,0,,0,0
428400,0,0,,0,0
429000,0,0,,0,0
429600,0,0,,0,0
430200,0,0,,0,0
430800,0,0,,0,0
431400,0,0,,0,0
432000,0,0,,0,0
432600,0,0,,0,0
433200,0,0,,0,0
433800,0,0,,0,0
434400,0,0,,0,0
435000,0,0,,0,0
435600,0,0,,0,0
436200,0,0,,0,0
436800,0,0,,0,0
437400,0,0,,0,0
438000,0,0,,0,0
438600,0,0,,0,0
439200,0,0,,0,0
439800,0,0,,0,0
440400,0,0,,0,0
441000,0,0,,0,0
441600,0,0,,0,0
442200,0,0,,0,0
442800,0,0,,0,0
443400,0,0,,0,0
444000,0,0,,0,0
444600,0,0,,0,0
445200,0,0,,0,0
445800,0,0,,0,0
446400,0,0,,0,0
447000,0,0,,0,0
447600,0,0,,0,0
448200,0,0,,0,0
448800,0,0,,0,0
449400,0,0,,0,0
450000,0,0,,0,0
450600,0,0,,0,0
451200,0,0,,0,0
451800,0,0,,0,0
452400,0,0,,0,0
453000,0,0,,0,0
453600,0,0,,0,0
454200,0,0,,0,0
454800,0,0,,0,0
455400,0,0,,0,0
456000,0,0,,0,0
456600,0,0,,0,0
457200,0,0,,0,0
457800,0,0,,0,0
458400,0,0,,0,0
459000,0,0,,0,0
459600,0,0,,0,0
460200,0,0,,0,0
460800,0,0,,0,0
461400,0,0,,0,0
462000,0,0,,0,0
462600,0,0,,0,0
463200,0,0,,0,0
463800,0,0,,0,0
464400,0,0,,0,0
465000,0,0,,0,0
465600,0,0,,0,0
466200,0,0,,0,0
466800,0,0,,0,0
467400,0,0,,0,0
468000,0,0,,0,0
468600,0,0,,0,0
469200,0,0,,0,0
469800,0,0,,0,0
470400,0,0,,0,0
471000,0,0,,0,0
471600,0,0,,0,0
472200,0,0,,0,0
472800,0,0,,0,0
473400,0,0,,0,0
474000,0,0,,0,0
474600,0,0,,0,0
475200,0,0,,0,0
475800,0,0,,0,0
476400,0,0,,0,0
477000,0,0,,0,0
477600,0,0,,0,0
478200,0,0,,0,0
478800,0,0,,0,0
479400,0,0,,0,0
480000,0,0,,0,0
480600,0,0,,0,0
481200,0,0,,0,0
481800,0,0,,0,0
482400,0,0,,0,0
483000,0,0,,0,0
483600,0,0,,0,0
484200,0,0,,0,0
484800,0,0,,0,0
485400,0,0,,0,0
486000,0,0,,0,0
486600,0,0,,0,0
487200,0,0,,0,0
487800,0,0,,0,0
488400,0,0,,0,0
489000,0,0,,0,0
489600,0,0,,0,0
490200,0,0,,0,0
490800,0,0,,0,0
491400,0,0,,0,0
492000,0,0,,0,0
492600,0,0,,0,0
493200,0,0,,0,0
493800,0,0,,0,0
494400,0,0,,0,0
495000,0,0,,0,0
495600,0,0,,0,0
496200,0,0,,0,0
496800,0,0,,0,0
497400,0,0,,0,0
498000,0,0,,0,0
498600,0,0,,0,0
499200,0,0,,0,0
499800,0,0,,0,0
500400,0,0,,0,0
501000,0,0,,0,0
501600,0,0,,0,0
502200,0,0,,0,0
502800,0,0,,0,0
503400,0,0,,0,0
504000,0,0,,0,0
504600,0,0,,0,0
505200,0,0,,0,0
505800,0,0,,0,0
506400,0,0,,0,0
507000,0,0,,0,0
507600,0,0,,0,0
508200,0,0,,0,0
508800,0,0,,0,0
509400,0,0,,0,0
510000,0,0,,0,0
510600,0,0,,0,0
511200,0,0,,0,0
511800,0,0,,0,0
512400,0,0,,0,0
513000,0,0,,0,0
513600,0,0,,0,0
514200,0,0,,0,0
514800,0,0,,0,0
515400,0,0,,0,0
516000,0,0,,0,0
516600,0,0,,0,0
517200,0,0,,0,0
517800,0,0,,0,0
518400,0,0,,0,0
519000,0,0,,0,0
519600,0,0,,0,0
520200,0,0,,0,0
520800,0,0,,0,0
521400,0,0,,0,0
522000,0,0,,0,0
522600,0,0,,0,0
523200,0,0,,0,0
523800,0,0,,0,0
524400,0,0,,0,0
525000,0,0,,0,0
525600,0,0,,0,0
526200,0,0,,0,0
526800,0,0,,0,0
527400,0,0,,0,0
528000,0,0,,0,0
528600,0,0,,0,0
529200,0,0,,0,0
529800,0,0,,0,0
530400,0,0,,0,0
531000,0,0,,0,0
531600,0,0,,0,0
532200,0,0,,0,0
532800,0,0,,0,0
533400,0,0,,0,0
534000,0,0,,0,0
534600,0,0,,0,0
535200,0,0,,0,0
535800,0,0,,0,0
536400,0,0,,0,0
537000,0,0,,0,0
537600,0,0,,0,0
538200,0,0,,0,0
538800,0,0,,0,0
539400,0,0,,0,0
540000,0,0,,0,0
540600,0,0,,0,0
541200,0,0,,0,0
541800,0,0,,0,0
542400,0,0,,0,0
543000,0,0,,0,0
543600,0,0,,0,0
544200,0,0,,0,0
544800,0,0,,0,0
545400,0,0,,0,0
546000,0,0,,0,0
546600,0,0,,0,0
547200,0,0,,0,0
547800,0,0,,0,0
548400,0,0,,0,0
549000,0,0,,0,0
549600,0,0,,0,0
550200,0,0,,0,0
550800,0,0,,0,0
551400,0,0,,0,0
552000,0,0,,0,0
552600,0,0,,0,0
553200,0,0,,0,0
553800,0,0,,0,0
554400,0,0,,0,0
555000,0,0,,0,0
555600,0,0,,0,0
556200,0,0,,0,0
556800,0,0,,0,0
557400,0,0,,0,0
558000,0,0,,0,0
558600,0,0,,0,0
559200,0,0,,0,0
559800,0,0,,0,0
560400,0,0,,0,0
561000,0,0,,0,0
561600,0,0,,0,0
562200,0,0,,0,0
562800,0,0,,0,0
563400,0,0,,0,0
564000,0,0,,0,0
564600,0,0,,0,0
565200,0,0,,0,0
565800,0,0,,0,0
566400,0,0,,0,0
567000,0,0,,0,0
567600,0,0,,0,0
568200,0,0,,0,0
568800,0,0,,0,0
569400,0,0,,0,0
570000,0,0,,0,0
570600,0,0,,0,0
571200,0,0,,0,0
571800,0,0,,0,0
572400,0,0,,0,0
573000,0,0,,0,0
573600,0,0,,0,0
574200,0,0,,0,0
574800,0,0,,0,0
575400,0,0,,0,0
576000,0,0,,0,0
576600,0,0,,0,0
577200,0,0,,0,0
577800,0,0,,0,0
578400,0,0,,0,0
579000,0,0,,0,0
579600,0,0,,0,0
580200,0,0,,0,0
580800,0,0,,0,0
581400,0,0,,0,0
582000,0,0,,0,0
582600,0,0,,0,0
583200,0,0,,0,0
583800,0,0,,0,0
584400,0,0,,0,0
585000,0,0,,0,0
585600,0,0,,0,0
586200,0,0,,0,0
586800,0,0,,0,0
587400,0,0,,0,0
588000,0,0,,0,0
588600,0,0,,0,0
589200,0,0,,0,0
589800,0,0,,0,0
590400,0,0,,0,0
591000,0,0,,0,0
591600,0,0,,0,0
592200,0,0,,0,0
592800,0,0,,0,0
593400,0,0,,0,0
594000,0,0,,0,0
594600,0,0,,0,0
595200,0,0,,0,0
595800,0,0,,0,0
596400,0,0,,0,0
597000,0,0,,0,0
597600,0,0,,0,0
598200,0,0,,0,0
598800,0,0,,0,0
599400,0,0,,0,0
600000,0,0,,0,0
600600,0,0,,0,0
601200,0,0,,0,0
601800,0,0,,0,0
602400,0,0,,0,0
603000,0,0,,0,0
603600,0,0,,0,0
604200,0,0,,0,0
604800,0,0,,0,0
605400,0,0,,0,0
606000,0,0,,0,0
606600,0,0,,0,0
607200,0,0,,0,0
607800,0,0,,0,0
608400,0,0,,0,0
609000,0,0,,0,0
609600,0,0,,0,0
610200,0,0,,0,0
610800,0,0,,0,0
611400,0,0,,0,0
612000,0,0,,0,0
612600,0,0,,0,0
613200,0,0,,0,0
613800,0,0,,0,0
614400,0,0,,0,0
615000,0,0,,0,0
615600,0,0,,0,0
616200,0,0,,0,0
616800,0,0,,0,0
617400,0,0,,0,0
618000,0,0,,0,0
618600,0,0,,0,0
619200,0,0,,0,0
619800,0,0,,0,0
620400,0,0,,0,0
621000,0,0,,0,0
621600,0,0,,0,0
622200,0,0,,0,0
622800,0,0,,0,0
623400,0,0,,0,0
624000,0,0,,0,0
624600,0,0,,0,0
625200,0,0,,0,0
625800,0,0,,0,0
626400,0,0,,0,0
627000,0,0,,0,0
627600,0,0,,0,0
628200,0,0,,0,0
628800,0,0,,0,0
629400,0,0,,0,0
630000,0,0,,0,0
630600,0,0,,0,0
631200,0,0,,0,0
631800,0,0,,0,0
632400,0,0,,0,0
633000,0,0,,0,0
633600,0,0,,0,0
634200,0,0,,0,0
634800,0,0,,0,0
635400,0,0,,0,0
636000,0,0,,0,0
636600,0,0,,0,0
637200,0,0,,0,0
637800,0,0,,0,0
638400,0,0,,0,0
639000,0,0,,0,0
639600,0,0,,0,0
640200,0,0,,0,0
640800,0,0,,0,0
641400,0,0,,0,0
642000,0,0,,0,0
642600,0,0,,0,0
643200,0,0,,0,0
643800,0,0,,0,0
644400,0,0,,0,0
645000,0,0,,0,0
645600,0,0,,0,0
646200,0,0,,0,0
646800,0,0,,0,0
647400,0,0,,0,0
648000,0,0,,0,0
648600,0,0,,0,0
649200,0,0,,0,0
649800,0,0,,0,0
650400,0,0,,0,0
651000,0,0,,0,0
651600,0,0,,0,0
652200,0,0,,0,0
652800,0,0,,0,0
653400,0,0,,0,0
654000,0,0,,0,0
654600,0,0,,0,0
655200,0,0,,0,0
655800,0,0,,0,0
656400,0,0,,0,0
657000,0,0,,0,0
657600,0,0,,0,0
658200,0,0,,0,0
658800,0,0,,0,0
659400,0,0,,0,0
660000,0,0,,0,0
660600,0,0,,0,0
661200,0,0,,0,0
661800,0,0,,0,0
662400,0,0,,0,0
663000,0,0,,0,0
663600,0,0,,0,0
664200,0,0,,0,0
664800,0,0,,0,0
665400,0,0,,0,0
666000,0,0,,0,0
666600,0,0,,0,0
667200,0,0,,0,0
667800,0,0,,0,0
668400,0,0,,0,0
669000,0,0,,0,0
669600,0,0,,0,0
670200,0,0,,0,0
670800,0,0,,0,0
671400,0,0,,0,0
672000,0,0,,0,0
672600,0,0,,0,0
673200,0,0,,0,0
673800,0,0,,0,0
674400,0,0,,0,0
675000,0,0,,0,0
675600,0,0,,0,0
676200,0,0,,0,0
676800,0,0,,0,0
677400,0,0,,0,0
678000,0,0,,0,0
678600,0,0,,0,0
679200,0,0,,0,0
679800,0,0,,0,0
680400,0,0,,0,0
681000,0,0,,0,0
681600,0,0,,0,0
682200,0,0,,0,0
682800,0,0,,0,0
683400,0,0,,0,0
684000,0,0,,0,0
684600,0,0,,0,0
685200,0,0,,0,0
685800,0,0,,0,0
686400,0,0,,0,0
687000,0,0,,0,0
687600,0,0,,0,0
688200,0,0,,0,0
688800,0,0,,0,0
689400,0,0,,0,0
690000,0,0,,0,0
690600,0,0,,0,0
691200,0,0,,0,0
691800,0,0,,0,0
692400,0,0,,0,0
693000,0,0,,0,0
693600,0,0,,0,0
694200,0,0,,0,0
694800,0,0,,0,0
695400,0,0,,0,0
696000,0,0,,0,0
696600,0,0,,0,0
697200,0,0,,0,0
697800,0,0,,0,0
698400,0,0,,0,0
699000,0,0,,0,0
699600,0,0,,0,0
700200,0,0,,0,0
700800,0,0,,0,0
701400,0,0,,0,0
702000,0,0,,0,0
702600,0,0,,0,0
703200,0,0,,0,0
703800,0,0,,0,0
704400,0,0,,0,0
705000,0,0,,0,0
705600,0,0,,0,0
706200,0,0,,0,0
706800,0,0,,0,0
707400,0,0,,0,0
708000,0,0,,0,0
708600,0,0,,0,0
709200,0,0,,0,0
709800,0,0,,0,0
710400,0,0,,0,0
711000,0,0,,0,0
711600,0,0,,0,0
712200,0,0,,0,0
712800,0,0,,0,0
713400,0,0,,0,0
714000,0,0,,0,0
714600,0,0,,0,0
715200,0,0,,0,0
715800,0,0,,0,0
716400,0,0,,0,0
717000,0,0,,0,0
717600,0,0,,0,0
718200,0,0,,0,0
718800,0,0,,0,0
719400,0,0,,0,0
720000,0,0,,0,0
720600,0,0,,0,0
721200,0,0,,0,0
721800,0,0,,0,0
722400,0,0,,0,0
723000,0,0,,0,0
723600,0,0,,0,0
724200,0,0,,0,0
724800,0,0,,0,0
725400,0,0,,0,0
726000,0,0,,0,0
726600,0,0,,0,0
727200,0,0,,0,0
727800,0,0,,0,0
728400,0,0,,0,0
729000,0,0,,0,0
729600,0,0,,0,0
730200,0,0,,0,0
730800,0,0,,0,0
731400,0,0,,0,0
732000,0,0,,0,0
732600,0,0,,0,0
733200,0,0,,0,0
733800,0,0,,0,0
734400,0,0,,0,0
735000,0,0,,0,0
735600,0,0,,0,0
736200,0,0,,0,0
736800,0,0,,0,0
737400,0,0,,0,0
738000,0,0,,0,0
738600,0,0,,0,0
739200,0,0,,0,0
739800,0,0,,0,0
740400,0,0,,0,0
741000,0,0,,0,0
741600,0,0,,0,0
742200,0,0,,0,0
742800,0,0,,0,0
743400,0,0,,0,0
744000,0,0,,0,0
744600,0,0,,0,0
745200,0,0,,0,0
745800,0,0,,0,0
746400,0,0,,0,0
747000,0,0,,0,0
747600,0,0,,0,0
748200,0,0,,0,0
748800,0,0,,0,0
749400,0,0,,0,0
750000,0,0,,0,0
750600,0,0,,0,0
751200,0,0,,0,0
751800,0,0,,0,0
752400,0,0,,0,0
753000,0,0,,0,0
753600,0,0,,0,0
754200,0,0,,0,0
754800,0,0,,0,0
755400,0,0,,0,0
756000,0,0,,0,0
756600,0,0,,0,0
757200,0,0,,0,0
757800,0,0,,0,0
758400,0,0,,0,0
759000,0,0,,0,0
759600,0,0,,0,0
760200,0,0,,0,0
760800,0,0,,0,0
761400,0,0,,0,0
762000,0,0,,0,0
762600,0,0,,0,0
763200,0,0,,0,0
763800,0,0,,0,0
764400,0,0,,0,0
765000,0,0,,0,0
765600,0,0,,0,0
766200,0,0,,0,0
766800,0,0,,0,0
767400,0,0,,0,0
768000,0,0,,0,0
768600,0,0,,0,0
769200,0,0,,0,0
769800,0,0,,0,0
770400,0,0,,0,0
771000,0,0,,0,0
771600,0,0,,0,0
772200,0,0,,0,0
772800,0,0,,0,0
773400,0,0,,0,0
774000,0,0,,0,0
774600,0,0,,0,0
775200,0,0,,0,0
775800,0,0,,0,0
776400,0,0,,0,0
777000,0,0,,0,0
777600,0,0,,0,0
778200,0,0,,0,0
778800,0,0,,0,0
779400,0,0,,0,0
780000,0,0,,0,0
780600,0,0,,0,0
781200,0,0,,0,0
781800,0,0,,0,0
782400,0,0,,0,0
783000,0,0,,0,0
783600,0,0,,0,0
784200,0,0,,0,0
784800,0,0,,0,0
785400,0,0,,0,0
786000,0,0,,0,0
786600,0,0,,0,0
787200,0,0,,0,0
787800,0,0,,0,0
788400,0,0,,0,0
789000,0,0,,0,0
789600,0,0,,0,0
790200,0,0,,0,0
790800,0,0,,0,0
791400,0,0,,0,0
792000,0,0,,0,0
792600,0,0,,0,0
793200,0,0,,0,0
793800,0,0,,0,0
794400,0,0,,0,0
795000,0,0,,0,0
795600,0,0,,0,0
796200,0,0,,0,0
796800,0,0,,0,0
797400,0,0,,0,0
798000,0,0,,0,0
798600,0,0,,0,0
799200,0,0,,0,0
799800,0,0,,0,0
800400,0,0,,0,0
801000,0,0,,0,0
801600,0,0,,0,0
802200,0,0,,0,0
802800,0,0,,0,0
803400,0,0,,0,0
804000,0,0,,0,0
804600,0,0,,0,0
805200,0,0,,0,0
805800,0,0,,0,0
806400,0,0,,0,0
807000,0,0,,0,0
807600,0,0,,0,0
808200,0,0,,0,0
808800,0,0,,0,0
809400,0,0,,0,0
810000,0,0,,0,0
810600,0,0,,0,0
811200,0,0,,0,0
811800,0,0,,0,0
812400,0,0,,0,0
813000,0,0,,0,0
813600,0,0,,0,0
814200,0,0,,0,0
814800,0,0,,0,0
815400,0,0,,0,0
816000,0,0,,0,0
816600,0,0,,0,0
817200,0,0,,0,0
817800,0,0,,0,0
818400,0,0,,0,0
819000,0,0,,0,0
819600,0,0,,0,0
820200,0,0,,0,0
820800,0,0,,0,0
821400,0,0,,0,0
822000,0,0,,0,0
822600,0,0,,0,0
823200,0,0,,0,0
823800,0,0,,0,0
824400,0,0,,0,0
825000,0,0,,0,0
825600,0,0,,0,0
826200,0,0,,0,0
826800,0,0,,0,0
827400,0,0,,0,0
828000,0,0,,0,0
828600,0,0,,0,0
829200,0,0,,0,0
829800,0,0,,0,0
830400,0,0,,0,0
831000,0,0,,0,0
831600,0,0,,0,0
832200,0,0,,0,0
832800,0,0,,0,0
833400,0,0,,0,0
834000,0,0,,0,0
834600,0,0,,0,0
835200,0,0,,0,0
835800,0,0,,0,0
836400,0,0,,0,0
837000,0,0,,0,0
837600,0,0,,0,0
838200,0,0,,0,0
838800,0,0,,0,0
839400,0,0,,0,0
840000,0,0,,0,0
840600,0,0,,0,0
841200,0,0,,0,0
841800,0,0,,0,0
842400,0,0,,0,0
843000,0,0,,0,0
843600,0,0,,0,0
844200,0,0,,0,0
844800,0,0,,0,0
845400,0,0,,0,0
846000,0,0,,0,0
846600,0,0,,0,0
847200,0,0,,0,0
847800,0,0,,0,0
848400,0,0,,0,0
849000,0,0,,0,0
849600,0,0,,0,0
850200,0,0,,0,0
850800,0,0,,0,0
851400,0,0,,0,0
852000,0,0,,0,0
852600,0,0,,0,0
853200,0,0,,0,0
853800,0,0,,0,0
854400,0,0,,0,0
855000,0,0,,0,0
855600,0,0,,0,0
856200,0,0,,0,0
856800,0,0,,0,0
857400,0,0,,0,0
858000,0,0,,0,0
858600,0,0,,0,0
859200,0,0,,0,0
859800,0,0,,0,0
860400,0,0,,0,0
861000,0,0,,0,0
861600,0,0,,0,0
862200,0,0,,0,0
862800,0,0,,0,0
863400,0,0,,0,0
864000,0,0,,0,0
864600,0,0,,0,0
865200,0,0,,0,0
865800,0,0,,0,0
866400,0,0,,0,0
867000,0,0,,0,0
867600,0,0,,0,0
868200,0,0,,0,0
868800,0,0,,0,0
869400,0,0,,0,0
870000,0,0,,0,0
870600,0,0,,0,0
871200,0,0,,0,0
871800,0,0,,0,0
872400,0,0,,0,0
873000,0,0,,0,0
873600,0,0,,0,0
874200,0,0,,0,0
874800,0,0,,0,0
875400,0,0,,0,0
876000,0,0,,0,0
876600,0,0,,0,0
877200,0,0,,0,0
877800,0,0,,0,0
878400,0,0,,0,0
879000,0,0,,0,0
879600,0,0,,0,0
880200,0,0,,0,0
880800,0,0,,0,0
881400,0,0,,0,0
882000,0,0,,0,0
882600,0,0,,0,0
883200,0,0,,0,0
883800,0,0,,0,0
884400,0,0,,0,0
885000,0,0,,0,0
885600,0,0,,0,0
886200,0,0,,0,0
886800,0,0,,0,0
887400,0,0,,0,0
888000,0,0,,0,0
888600,0,0,,0,0
889200,0,0,,0,0
889800,0,0,,0,0
890400,0,0,,0,0
891000,0,0,,0,0
891600,0,0,,0,0
892200,0,0,,0,0
892800,0,0,,0,0
893400,0,0,,0,0
894000,0,0,,0,0
894600,0,0,,0,0
895200,0,0,,0,0
895800,0,0,,0,0
896400,0,0,,0,0
897000,0,0,,0,0
897600,0,0,,0,0
898200,0,0,,0,0
898800,0,0,,0,0
899400,0,0,,0,0
900000,0,0,,0,0
900600,0,0,,0,0
901200,0,0,,0,0
901800,0,0,,0,0
902400,0,0,,0,0
903000,0,0,,0,0
903600,0,0,,0,0
904200,0,0,,0,0
904800,0,0,,0,0
905400,0,0,,0,0
906000,0,0,,0,0
906600,0,0,,0,0
907200,0,0,,0,0
907800,0,0,,0,0
908400,0,0,,0,0
909000,0,0,,0,0
909600,0,0,,0,0
910200,0,0,,0,0
910800,0,0,,0,0
911400,0,0,,0,0
912000,0,0,,0,0
912600,0,0,,0,0
913200,0,0,,0,0
913800,0,0,,0,0
914400,0,0,,0,0
915000,0,0,,0,0
915600,0,0,,0,0
916200,0,0,,0,0
916800,0,0,,0,0
917400,0,0,,0,0
918000,0,0,,0,0
918600,0,0,,0,0
919200,0,0,,0,0
919800,0,0,,0,0
920400,0,0,,0,0
921000,0,0,,0,0
921600,0,0,,0,0
922200,0,0,,0,0
922800,0,0,,0,0
923400,0,0,,0,0
924000,0,0,,0,0
924600,0,0,,0,0
925200,0,0,,0,0
925800,0,0,,0,0
926400,0,0,,0,0
927000,0,0,,0,0
927600,0,0,,0,0
928200,0,0,,0,0
928800,0,0,,0,0
929400,0,0,,0,0
930000,0,0,,0,0
930600,0,0,,0,0
931200,0,0,,0,0
931800,0,0,,0,0
932400,0,0,,0,0
933000,0,0,,0,0
933600,0,0,,0,0
934200,0,0,,0,0
934800,0,0,,0,0
935400,0,0,,0,0
936000,0,0,,0,0
936600,0,0,,0,0
937200,0,0,,0,0
937800,0,0,,0,0
938400,0,0,,0,0
939000,0,0,,0,0
939600,0,0,,0,0
940200,0,0,,0,0
940800,0,0,,0,0
941400,0,0,,0,0
942000,0,0,,0,0
942600,0,0,,0,0
943200,0,0,,0,0
943800,0,0,,0,0
944400,0,0,,0,0
945000,0,0,,0,0
945600,0,0,,0,0
946200,0,0,,0,0
946800,0,0,,0,0
947400,0,0,,0,0
948000,0,0,,0,0
948600,0,0,,0,0
949200,0,0,,0,0
949800,0,0,,0,0
950400,0,0,,0,0
951000,0,0,,0,0
951600,0,0,,0,0
952200,0,0,,0,0
952800,0,0,,0,0
953400,0,0,,0,0
954000,0,0,,0,0
954600,0,0,,0,0
955200,0,0,,0,0
955800,0,0,,0,0
956400,0,0,,0,0
957000,0,0,,0,0
957600,0,0,,0,0
958200,0,0,,0,0
958800,0,0,,0,0
959400,0,0,,0,0
960000,0,0,,0,0
960600,0,0,,0,0
961200,0,0,,0,0
961800,0,0,,0,0
962400,0,0,,0,0
963000,0,0,,0,0
963600,0,0,,0,0
964200,0,0,,0,0
964800,0,0,,0,0
965400,0,0,,0,0
966000,0,0,,0,0
966600,0,0,,0,0
967200,0,0,,0,0
967800,0,0,,0,0
968400,0,0,,0,0
969000,0,0,,0,0
969600,0,0,,0,0
970200,0,0,,0,0
970800,0,0,,0,0
971400,0,0,,0,0
972000,0,0,,0,0
972600,0,0,,0,0
973200,0,0,,0,0
973800,0,0,,0,0
974400,0,0,,0,0
975000,0,0,,0,0
975600,0,0,,0,0
976200,0,0,,0,0
976800,0,0,,0,0
977400,0,0,,0,0
978000,0,0,,0,0
978600,0,0,,0,0
979200,0,0,,0,0
979800,0,0,,0,0
980400,0,0,,0,0
981000,0,0,,0,0
981600,0,0,,0,0
982200,0,0,,0,0
982800,0,0,,0,0
983400,0,0,,0,0
984000,0,0,,0,0
984600,0,0,,0,0
985200,0,0,,0,0
985800,0,0,,0,0
986400,0,0,,0,0
987000,0,0,,0,0
987600,0,0,,0,0
988200,0,0,,0,0
988800,0,0,,0,0
989400,0,0,,0,0
990000,0,0,,0,0
990600,0,0,,0,0
991200,0,0,,0,0
991800,0,0,,0,0
992400,0,0,,0,0
993000,0,0,,0,0
993600,0,0,,0,0
994200,0,0,,0,0
994800,0,0,,0,0
995400,0,0,,0,0
996000,0,0,,0,0
996600,0,0,,0,0
997200,0,0,,0,0
997800,0,0,,0,0
998400,0,0,,0,0
999000,0,0,,0,0
999600,0,0,,0,0
1000200,0,0,,0,0
1000800,0,0,,0,0
1001400,0,0,,0,0
1002000,0,0,,0,0
1002600,0,0,,0,0
1003200,0,0,,0,0
1003800,0,0,,0,0
1004400,0,0,,0,0
1005000,0,0,,0,0
1005600,0,0,,0,0
1006200,0,0,,0,0
1006800,0,0,,0,0
1007400,0,0,,0,0
1008000,0,0,,0,0
1008600,0,0,,0,0
1009200,0,0,,0,0
1009800,0,0,,0,0
1010400,0,0,,0,0
1011000,0,0,,0,0
1011600,0,0,,0,0
1012200,0,0,,0,0
1012800,0,0,,0,0
1013400,0,0,,0,0
1014000,0,0,,0,0
1014600,0,0,,0,0
1015200,0,0,,0,0
1015800,0,0,,0,0
1016400,0,0,,0,0
1017000,0,0,,0,0
1017600,0,0,,0,0
1018200,0,0,,0,0
1018800,0,0,,0,0
1019400,0,0,,0,0
1020000,0,0,,0,0
1020600,0,0,,0,0
1021200,0,0,,0,0
1021800,0,0,,0,0
1022400,0,0,,0,0
1023000,0,0,,0,0
1023600,0,0,,0,0
1024200,0,0,,0,0
1024800,0,0,,0,0
1025400,0,0,,0,0
1026000,0,0,,0,0
1026600,0,0,,0,0
1027200,0,0,,0,0
1027800,0,0,,0,0
1028400,0,0,,0,0
1029000,0,0,,0,0
1029600,0,0,,0,0
1030200,0,0,,0,0
1030800,0,0,,0,0
1031400,0,0,,0,0
1032000,0,0,,0,0
1032600,0,0,,0,0
1033200,0,0,,0,0
1033800,0,0,,0,0
1034400,0,0,,0,0
1035000,0,0,,0,0
1035600,0,0,,0,0
1036200,0,0,,0,0
1036800,0,0,,0,0
1037400,0,0,,0,0
1038000,0,0,,0,0
1038600,0,0,,0,0
1039200,0,0,,0,0
1039800,0,0,,0,0
1040400,0,0,,0,0
1041000,0,0,,0,0
1041600,0,0,,0,0
1042200,0,0,,0,0
1042800,0,0,,0,0
1043400,0,0,,0,0
1044000,0,0,,0,0
1044600,0,0,,0,0
1045200,0,0,,0,0
1045800,0,0,,0,0
1046400,0,0,,0,0
1047000,0,0,,0,0
1047600,0,0,,0,0
1048200,0,0,,0,0
1048800,0,0,,0,0
1049400,0,0,,0,0
1050000,0,0,,0,0
1050600,0,0,,0,0
1051200,0,0,,0,0
1051800,0,0,,0,0
1052400,0,0,,0,0
1053000,0,0,,0,0
1053600,0,0,,0,0
1054200,0,0,,0,0
1054800,0,0,,0,0
1055400,0,0,,0,0
1056000,0,0,,0,0
1056600,0,0,,0,0
1057200,0,0,,0,0
1057800,0,0,,0,0
1058400,0,0,,0,0
1059000,0,0,,0,0
1059600,0,0,,0,0
1060200,0,0,,0,0
1060800,0,0,,0,0
1061400,0,0,,0,0
1062000,0,0,,0,0
1062600,0,0,,0,0
1063200,0,0,,0,0
1063800,0,0,,0,0
1064400,0,0,,0,0
1065000,0,0,,0,0
1065600,0,0,,0,0
1066200,0,0,,0,0
1066800,0,0,,0,0
1067400,0,0,,0,0
1068000,0,0,,0,0
1068600,0,0,,0,0
1069200,0,0,,0,0
1069800,0,0,,0,0
1070400,0,0,,0,0
1071000,0,0,,0,0
1071600,0,0,,0,0
1072200,0,0,,0,0
1072800,0,0,,0,0
1073400,0,0,,0,0
1074000,0,0,,0,0
1074600,0,0,,0,0
1075200,0,0,,0,0
1075800,0,0,,0,0
1076400,0,0,,0,0
1077000,0,0,,0,0
1077600,0,0,,0,0
1078200,0,0,,0,0
1078800,0,0,,0,0
1079400,0,0,,0,0
1080000,0,0,,0,0
1080600,0,0,,0,0
1081200,0,0,,0,0
1081800,0,0,,0,0
1082400,0,0,,0,0
1083000,0,0,,0,0
1083600,0,0,,0,0
1084200,0,0,,0,0
1084800,0,0,,0,0
1085400,0,0,,0,0
1086000,0,0,,0,0
1086600,0,0,,0,0
1087200,0,0,,0,0
1087800,0,0,,0,0
1088400,0,0,,0,0
1089000,0,0,,0,0
1089600,0,0,,0,0
1090200,0,0,,0,0
1090800,0,0,,0,0
1091400,0,0,,0,0
1092000,0,0,,0,0
1092600,0,0,,0,0
1093200,0,0,,0,0
1093800,0,0,,0,0
1094400,0,0,,0,0
1095000,0,0,,0,0
1095600,0,0,,0,0
1096200,0,0,,0,0
1096800,0,0,,0,0
1097400,0,0,,0,0
1098000,0,0,,0,0
1098600,0,0,,0,0
1099200,0,0,,0,0
1099800,0,0,,0,0
1100400,0,0,,0,0
1101000,0,0,,0,0
1101600,0,0,,0,0
1102200,0,0,,0,0
1102800,0,0,,0,0
1103400,0,0,,0,0
1104000,0,0,,0,0
1104600,0,0,,0,0
1105200,0,0,,0,0
1105800,0,0,,0,0
1106400,0,0,,0,0
1107000,0,0,,0,0
1107600,0,0,,0,0
1108200,0,0,,0,0
1108800,0,0,,0,0
1109400,0,0,,0,0
1110000,0,0,,0,0
1110600,0,0,,0,0
1111200,0,0,,0,0
1111800,0,0,,0,0
1112400,0,0,,0,0
1113000,0,0,,0,0
1113600,0,0,,0,0
1114200,0,0,,0,0
1114800,0,0,,0,0
1115400,0,0,,0,0
1116000,0,0,,0,0
1116600,0,0,,0,0
1117200,0,0,,0,0
1117800,0,0,,0,0
1118400,0,0,,0,0
1119000,0,0,,0,0
1119600,0,0,,0,0
1120200,0,0,,0,0
1120800,0,0,,0,0
1121400,0,0,,0,0
1122000,0,0,,0,0
1122600,0,0,,0,0
1123200,0,0,,0,0
1123800,0,0,,0,0
1124400,0,0,,0,0
1125000,0,0,,0,0
1125600,0,0,,0,0
1126200,0,0,,0,0
1126800,0,0,,0,0
1127400,0,0,,0,0
1128000,0,0,,0,0
1128600,0,0,,0,0
1129200,0,0,,0,0
1129800,0,0,,0,0
1130400,0,0,,0,0
1131000,0,0,,0,0
1131600,0,0,,0,0
1132200,0,0,,0,0
1132800,0,0,,0,0
1133400,0,0,,0,0
1134000,0,0,,0,0
1134600,0,0,,0,0
1135200,0,0,,0,0
1135800,0,0,,0,0
1136400,0,0,,0,0
1137000,0,0,,0,0
1137600,0,0,,0,0
1138200,0,0,,0,0
1138800,0,0,,0,0
1139400,0,0,,0,0
1140000,0,0,,0,0
1140600,0,0,,0,0
1141200,0,0,,0,0
1141800,0,0,,0,0
1142400,0,0,,0,0
1143000,0,0,,0,0
1143600,0,0,,0,0
1144200,0,0,,0,0
1144800,0,0,,0,0
1145400,0,0,,0,0
1146000,0,0,,0,0
1146600,0,0,,0,0
1147200,0,0,,0,0
1147800,0,0,,0,0
1148400,0,0,,0,0
1149000,0,0,,0,0
1149600,0,0,,0,0
1150200,0,0,,0,0
1150800,0,0,,0,0
1151400,0,0,,0,0
1152000,0,0,,0,0
1152600,0,0,,0,0
1153200,0,0,,0,0
1153800,0,0,,0,0
1154400,0,0,,0,0
1155000,0,0,,0,0
1155600,0,0,,0,0
1156200,0,0,,0,0
1156800,0,0,,0,0
1157400,0,0,,0,0
1158000,0,0,,0,0
1158600,0,0,,0,0
1159200,0,0,,0,0
1159800,0,0,,0,0
1160400,0,0,,0,0
1161000,0,0,,0,0
1161600,0,0,,0,0
1162200,0,0,,0,0
1162800,0,0,,0,0
1163400,0,0,,0,0
1164000,0,0,,0,0
1164600,0,0,,0,0
1165200,0,0,,0,0
1165800,0,0,,0,0
1166400,0,0,,0,0
1167000,0,0,,0,0
1167600,0,0,,0,0
1168200,0,0,,0,0
1168800,0,0,,0,0
1169400,0,0,,0,0
1170000,0,0,,0,0
1170600,0,0,,0,0
1171200,0,0,,0,0
1171800,0,0,,0,0
1172400,0,0,,0,0
1173000,0,0,,0,0
1173600,0,0,,0,0
1174200,0,0,,0,0
1174800,0,0,,0,0
1175400,0,0,,0,0
1176000,0,0,,0,0
1176600,0,0,,0,0
1177200,0,0,,0,0
1177800,0,0,,0,0
1178400,0,0,,0,0
1179000,0,0,,0,0
1179600,0,0,,0,0
1180200,0,0,,0,0
1180800,0,0,,0,0
1181400,0,0,,0,0
1182000,0,0,,0,0
1182600,0,0,,0,0
1183200,0,0,,0,0
1183800,0,0,,0,0
1184400,0,0,,0,0
1185000,0,0,,0,0
1185600,0,0,,0,0
1186200,0,0,,0,0
1186800,0,0,,0,0
1187400,0,0,,0,0
1188000,0,0,,0,0
1188600,0,0,,0,0
1189200,0,0,,0,0
1189800,0,0,,0,0
1190400,0,0,,0,0
1191000,0,0,,0,0
1191600,0,0,,0,0
1192200,0,0,,0,0
1192800,0,0,,0,0
1193400,0,0,,0,0
1194000,0,0,,0,0
1194600,0,0,,0,0
1195200,0,0,,0,0
1195800,0,0,,0,0
1196400,0,0,,0,0
1197000,0,0,,0,0
1197600,0,0,,0,0
1198200,0,0,,0,0
1198800,0,0,,0,0
1199400,0,0,,0,0
1200000,0,0,,0,0
1200600,0,0,,0,0
1201200,0,0,,0,0
1201800,0,0,,0,0
1202400,0,0,,0,0
1203000,0,0,,0,0
1203600,0,0,,0,0
1204200,0,0,,0,0
1204800,0,0,,0,0
1205400,0,0,,0,0
1206000,0,0,,0,0
1206600,0,0,,0,0
1207200,0,0,,0,0
1207800,0,0,,0,0
1208400,0,0,,0,0
1209000,0,0,,0,0
